Bucket,Label2,RW
1,SPOT,0.55000
2,SPOT,0.60000
3,SPOT,0.45000
4,SPOT,0.55000
5,SPOT,0.30000
6,SPOT,0.35000
7,SPOT,0.40000
8,SPOT,0.50000
9,SPOT,0.70000
10,SPOT,0.50000
11,SPOT,0.70000
12,SPOT,0.15000
13,SPOT,0.25000
1,REPO,0.00550
2,REPO,0.00600
3,REPO,0.00450
4,REPO,0.00550
5,REPO,0.00300
6,REPO,0.00350
7,REPO,0.00400
8,REPO,0.00500
9,REPO,0.00700
10,REPO,0.00500
11,REPO,0.00700
12,REPO,0.00150
13,REPO,0.00250